train_loss,test_clean_acc,test_clean_loss,test_asr,test_asr_loss,epoch
2.300085847528791,0.1,2.301582179511317,1.0,2.2263744722920866,0
